category,items,orders,gmv
agro_industry_and_commerce,206,177,70566.1
air_conditioning,281,242,51974.27
art,197,195,23657.3
arts_and_craftmanship,24,23,1814.01
audio,360,346,50413.61
auto,4132,3802,577838.39
baby,2971,2800,399050.67
bed_bath_table,10945,9267,1022955.77
books_general_interest,537,496,45302.15
books_imported,57,50,4418.86
books_technical,263,256,18702.23
cds_dvds_musicals,14,12,730.0
christmas_supplies,150,125,8737.84
cine_photo,70,63,6674.47
computers,199,177,218684.14
computers_accessories,7632,6518,888055.59
consoles_games,1082,1011,144384.01
construction_tools_construction,916,736,142108.49
construction_tools_lights,301,242,39957.0
construction_tools_safety,183,159,38773.22
cool_stuff,3711,3552,609158.0
costruction_tools_garden,232,190,25096.28
costruction_tools_tools,103,97,15903.95
diapers_and_hygiene,36,24,1365.8899999999999
drinks,361,287,21529.84
dvds_blu_ray,61,56,4542.59
electronics,2728,2516,154935.94
fashio_female_clothing,44,35,2580.04
fashion_bags_accessories,1976,1812,148945.19
fashion_childrens_clothes,7,7,519.95
fashion_male_clothing,124,105,10427.43
fashion_shoes,256,234,22971.47
fashion_sport,29,26,2094.52
fashion_underwear_beach,127,117,9305.95
fixed_telephony,250,207,54610.33
flowers,33,29,1110.04
food,498,440,28651.25
food_drink,269,221,14942.88
furniture_bedroom,103,90,19051.8
furniture_decor,8095,6258,706237.17
furniture_living_room,495,414,67350.7
furniture_mattress_and_upholstery,37,37,4323.38
garden_tools,4263,3443,469135.4
health_beauty,9422,8610,1229557.5
home_appliances,754,747,78832.48
home_appliances_2,231,227,107953.95
home_comfort_2,30,24,760.27
home_confort,429,392,58008.450000000004
home_construction,596,483,81407.57
housewares,6783,5734,614341.62
industry_commerce_and_business,261,229,38139.21
kitchen_dining_laundry_garden_furniture,274,241,45531.98
la_cuisine,14,13,2054.99
luggage_accessories,1077,1019,138701.63
market_place,294,269,26880.48
music,38,38,6034.35
musical_instruments,651,611,184315.74
office_furniture,1662,1248,266853.43
party_supplies,42,38,4465.1900000000005
pc_gamer,8,7,1306.95
perfumery,3311,3060,385315.55
pet_shop,1920,1684,211005.96
portateis_cozinha_e_preparadores_de_alimentos,14,13,3933.63
security_and_services,2,2,283.28999999999996
signaling_and_security,197,138,21315.05
small_appliances,658,609,182754.12
small_appliances_home_oven_and_coffee,73,72,46589.56
sports_leisure,8414,7513,952840.4
stationery,2466,2264,223788.69
tablets_printing_image,83,79,7528.41
telephony,4422,4086,309631.94
toys,4006,3782,467179.98
unknown,1535,1390,170660.74
watches_gifts,5855,5491,1163465.91
