cohort_month,customers,repeat_90,repeat_rate_90
2016-09,1,0,0.0
2016-10,262,3,0.011450381679389313
2016-12,1,1,1.0
2017-01,717,22,0.030683403068340307
2017-02,1628,26,0.01597051597051597
2017-03,2503,56,0.022373152217339192
2017-04,2256,42,0.018617021276595744
2017-05,3451,86,0.024920312952767313
2017-06,3037,77,0.025353967731313796
2017-07,3752,82,0.02185501066098081
2017-08,4057,95,0.023416317475967462
2017-09,4004,100,0.024975024975024976
2017-10,4328,86,0.019870609981515713
2017-11,7060,143,0.020254957507082155
2017-12,5338,81,0.015174222555264143
2018-01,6842,130,0.01900029231218942
2018-02,6288,163,0.02592239185750636
2018-03,6774,115,0.016976675524062592
2018-04,6582,105,0.015952597994530537
2018-05,6506,101,0.01552413157085767
