id,theme,hypothese,resultat,conclusion,population,n_a,n_b,effect,ci_low,ci_high,p_value,methode,limite,direction,q_bh
H01,Ventes,Le volume livre augmente entre janvier-aout 2017 et janvier-aout 2018,"21998 -> 52783 commandes ; 139,9 %",Observee,"Commandes livrees, mois d'achat comparables",,,,,,,Descriptif,"Croissance de cet extrait, pas de toute Olist ni causalite marketing",,
H02,Ventes,Le panier articles moyen augmente sur les memes mois,"136,1 -> 136,8 BRL ; 0,5 %",Observee,"Commandes livrees janvier-aout, hors port",,,,,,,Descriptif,Composition des produits et clients non constante,,
H03,Ventes,Novembre est le mois au plus fort volume livre en 2017,Maximum : 2017-11 (7289 commandes),Observee,Commandes livrees achetees en 2017,,,,,,,Descriptif,Un pic ne prouve pas un effet Black Friday ; une seule annee complete,,
H04,Ventes,Le volume quotidien moyen est plus faible le week-end,"Week-end 127,9 vs semaine 170,3 commandes/jour",Observee,Commandes livrees janvier 2017-aout 2018 ; jours sans vente inclus,,,,,,,Descriptif,Effets calendaires et tendance non ajustes,,
H05,Produits,Dix categories concentrent plus de la moitie du GMV livre,"Top 10 : 62,5 % du GMV",Observee,Articles livres janvier 2017-aout 2018,,,,,,,Descriptif,"GMV articles, pas marge ; categories manquantes conservees sous unknown",,
H06,Vendeurs,Les 20 % de vendeurs les plus importants realisent au moins 80 % du GMV,"589/2945 vendeurs : 82,2 % du GMV",Observee,"Vendeurs ayant au moins un article livre, periode principale",,,,,,,Descriptif,Seuil Pareto exploratoire ; aucun lien avec la rentabilite,,
H07,Geographie,Les clients de SP representent plus de 40 % du GMV livre,"SP : 38,4 % du GMV",Non observee,"Commandes livrees, periode principale",,,,,,,Descriptif,"Localisation client, pas localisation vendeur",,
H08,Fidelisation,Moins de 10 % des clients livres ont plusieurs commandes observees,"3,0 % ; 2801/93358 clients",Observee,Tous achats livres jusqu'au 31/08/2018 ; customer_unique_id,,,,,,,Descriptif,"Fenetre inegale, achats hors extrait invisibles ; pas un taux de churn",,
H09,Fidelisation,Le reachat livre a 90 jours est inferieur a 5 %,"2,0 % ; 1514/75387 clients eligibles",Observee,"Premier achat livre observe avant juin 2018, cohortes mensuelles avec 90 jours complets",,,,,,,Descriptif,"Premier achat observe, pas acquisition certaine ; commandes de l'extrait seulement",,
H10,Satisfaction,Les commandes en retard ont une note plus faible,"Retard : 3,720 (n=1854) ; A l'heure : 4,289 (n=86327) ; ecart -0,569",Association dans le sens attendu,Retard vs A l'heure ; variable review_score,1854.0,86327.0,-0.5694919904471512,-0.6333014691069045,-0.5056825117873978,9.831130988622959e-64,"Welch, bilateral","Association exploratoire, sans causalite ; avis apres reception ; premiere commande admissible par client",-1.0,1.5729809581796734e-63
H11,Satisfaction,"Parmi les retards, un retard plus long est associe a une note plus faible","rho=-0,037 ; n=1854",Non concluante,delay_days vs review_score,1854.0,,-0.03699962296712488,,,0.11124898295569768,"Spearman, bilateral","Association exploratoire, sans causalite ; avis apres reception ; premiere commande admissible par client",-1.0,0.11866558181941086
H12,Livraison,Les livraisons de plus de 15 jours ont une note plus faible,">15 jours : 4,045 (n=20909) ; <=15 jours : 4,349 (n=67272) ; ecart -0,304",Association dans le sens attendu,>15 jours vs <=15 jours ; variable review_score,20909.0,67272.0,-0.30403465942414254,-0.3231709793272365,-0.2848983395210486,1.0281637435317428e-209,"Welch, bilateral","Association exploratoire, sans causalite ; avis apres reception ; premiere commande admissible par client ; seuil exploratoire de 15 jours",-1.0,2.0563274870634857e-209
H13,Geographie,Les commandes entre Etats differents mettent plus longtemps a arriver,"Inter-Etats : 15,202 (n=58903) ; Meme Etat : 7,941 (n=33058) ; ecart 7,261",Association dans le sens attendu,Inter-Etats vs Meme Etat ; variable delivery_days,58903.0,33058.0,7.2611479863238415,7.154653597485444,7.367642375162239,0.0,"Welch, bilateral","Commandes mono-vendeur, premiere par client ; distances, produits et vendeurs confondus",1.0,0.0
H14,Geographie,Une distance vendeur-client plus grande est associee a un delai plus long,"rho=0,545 ; n=91505",Association dans le sens attendu,distance_km vs delivery_days,91505.0,,0.5447566345305386,,,0.0,"Spearman, bilateral","Distance a vol d'oiseau entre medianes de prefixes, pas itineraire reel",1.0,0.0
H15,Prix,Un port superieur a 20 % du panier total est associe a une note plus faible,"Port >20 % : 4,249 (n=39231) ; Port <=20 % : 4,300 (n=48950) ; ecart -0,051",Association dans le sens attendu,Port >20 % vs Port <=20 % ; variable review_score,39231.0,48950.0,-0.05063520023316492,-0.06605426589356278,-0.03521613457276706,1.2293407563766843e-10,"Welch, bilateral","Association exploratoire, sans causalite ; avis apres reception ; premiere commande admissible par client ; prix et geographie non ajustes",-1.0,1.513034777078996e-10
H16,Vendeurs,Les commandes multi-vendeurs ont une note plus faible,"Multi-vendeurs : 2,835 (n=1176) ; Mono-vendeur : 4,297 (n=87005) ; ecart -1,462",Association dans le sens attendu,Multi-vendeurs vs Mono-vendeur ; variable review_score,1176.0,87005.0,-1.46150066830939,-1.5572711313699652,-1.365730205248815,2.875622615613197e-147,"Welch, bilateral","Association exploratoire, sans causalite ; avis apres reception ; premiere commande admissible par client",-1.0,5.112217983312351e-147
H17,Produits,Les commandes multi-articles ont une note plus faible,"Multi-articles : 3,698 (n=8780) ; Un article : 4,341 (n=79401) ; ecart -0,643",Association dans le sens attendu,Multi-articles vs Un article ; variable review_score,8780.0,79401.0,-0.6428759625853475,-0.6766272310195816,-0.6091246941511135,2.9782690003361037e-285,"Welch, bilateral","Association exploratoire, sans causalite ; avis apres reception ; premiere commande admissible par client",-1.0,6.807472000768237e-285
H18,Paiement,Le paiement par carte en plusieurs fois accompagne un panier plus eleve,"Plusieurs echeances : 197,822 (n=47135) ; Une echeance : 100,508 (n=22462) ; ecart 97,313",Association dans le sens attendu,Plusieurs echeances vs Une echeance ; variable gross_value,47135.0,22462.0,97.31344716277987,94.35233913988131,100.27455518567842,0.0,"Welch, bilateral","Carte seule ; premiere commande livree par client ; choix de paiement endogene, pas un effet causal",1.0,0.0
H19,Paiement,Le panier carte est plus eleve que le panier boleto,"Carte : 166,412 (n=69599) ; Boleto : 144,119 (n=18574) ; ecart 22,293",Association dans le sens attendu,Carte vs Boleto ; variable gross_value,69599.0,18574.0,22.29296208741286,18.789673448315924,25.796250726509797,1.288937206079446e-35,"Welch, bilateral",Modes exclusifs ; premiere commande livree par client ; panier avec port,1.0,1.7185829414392612e-35
H20,Produits,Les distributions des notes different entre les dix categories les plus frequentes,"Notes moyennes de 4,21 a 4,43 ; H=237,54",Association dans le sens attendu,"Commandes mono-article, avis apres reception, premiere admissible par client",49530.0,,237.54037421401628,,,4.241045820239096e-46,"Kruskal-Wallis, omnibus",Test global des distributions ; ne designe pas les paires differentes ; categories selectionnees par volume,1.0,6.168793920347776e-46
H21,Logistique,Les articles plus lourds ont des frais de port plus eleves,"rho=0,459 ; n=83914",Association dans le sens attendu,product_weight_g vs freight_value,83914.0,,0.4593479817917414,,,0.0,"Spearman, bilateral","Commandes mono-article ; poids, taille, categorie et distance non ajustes",1.0,0.0
H22,Produits,Davantage de photos produit est associe a une meilleure note,"rho=-0,001 ; n=78277",Non concluante,product_photos_qty vs review_score,78277.0,,-0.0007077042490893823,,,0.8430461986442893,"Spearman, bilateral","Avis de commande, pas note produit ; mono-article, photos observees sans historique",1.0,0.8430461986442893
H23,Satisfaction,Les avis avec commentaire ecrit ont une note plus faible,"Commentaire : 3,955 (n=34656) ; Sans commentaire : 4,486 (n=53525) ; ecart -0,530",Association dans le sens attendu,Commentaire vs Sans commentaire ; variable review_score,34656.0,53525.0,-0.5304862664601715,-0.5473936051680316,-0.5135789277523114,0.0,"Welch, bilateral","Association exploratoire, sans causalite ; avis apres reception ; premiere commande admissible par client ; biais de participation, aucune analyse semantique du texte",-1.0,0.0
H24,Fidelisation,Un premier achat livre en retard est associe a moins de reachat apres reception a 90 jours,"Retard initial : 0,008 (n=5267) ; A l'heure initial : 0,012 (n=68072) ; ecart -0,004",Association dans le sens attendu,Retard initial vs A l'heure initial ; variable repeat_after_delivery_90,5267.0,68072.0,-0.003660560837949913,-0.006194722810321369,-0.0011263988655784572,0.004644822383609228,"Welch, bilateral",Fenetre egale de 90 jours apres reception initiale ; clients avec suivi complet ; achats hors extrait invisibles ; association seulement,-1.0,0.0053083684384105465
H25,Qualite,"Les paiements concordent avec articles+port a 0,01 BRL pres pour au moins 99 % des commandes livrees","294 ecarts sur 96211 ; concordance 99,7 %",Observee,"Commandes livrees avec montants disponibles, periode principale",,,,,,,Descriptif,Ne prouve pas une comptabilite nette : remboursements et frais absents,,
H26,Logistique,Une preparation plus longue est associee a davantage de retard,"rho=0,175 ; n=90661",Association dans le sens attendu,handoff_days vs delay_days,90661.0,,0.1749750189791835,,,0.0,"Spearman, bilateral",Preparation = approbation vers transporteur ; valeurs negatives exclues ; delai promis variable,1.0,0.0
