table,column,rows,missing,missing_rate,unique_non_null
customers,customer_id,99441,0,0.0,99441
customers,customer_unique_id,99441,0,0.0,96096
customers,customer_zip_code_prefix,99441,0,0.0,14994
customers,customer_city,99441,0,0.0,4119
customers,customer_state,99441,0,0.0,27
geolocation,geolocation_zip_code_prefix,1000163,0,0.0,19015
geolocation,geolocation_lat,1000163,0,0.0,717372
geolocation,geolocation_lng,1000163,0,0.0,717615
geolocation,geolocation_city,1000163,0,0.0,8011
geolocation,geolocation_state,1000163,0,0.0,27
order_items,order_id,112650,0,0.0,98666
order_items,order_item_id,112650,0,0.0,21
order_items,product_id,112650,0,0.0,32951
order_items,seller_id,112650,0,0.0,3095
order_items,shipping_limit_date,112650,0,0.0,93318
order_items,price,112650,0,0.0,5968
order_items,freight_value,112650,0,0.0,6999
order_payments,order_id,103886,0,0.0,99440
order_payments,payment_sequential,103886,0,0.0,29
order_payments,payment_type,103886,0,0.0,5
order_payments,payment_installments,103886,0,0.0,24
order_payments,payment_value,103886,0,0.0,29077
order_reviews,review_id,99224,0,0.0,98410
order_reviews,order_id,99224,0,0.0,98673
order_reviews,review_score,99224,0,0.0,5
order_reviews,review_comment_title,99224,87656,0.8834153027493349,4527
order_reviews,review_comment_message,99224,58247,0.5870253164556962,36159
order_reviews,review_creation_date,99224,0,0.0,636
order_reviews,review_answer_timestamp,99224,0,0.0,98248
orders,order_id,99441,0,0.0,99441
orders,customer_id,99441,0,0.0,99441
orders,order_status,99441,0,0.0,8
orders,order_purchase_timestamp,99441,0,0.0,98875
orders,order_approved_at,99441,160,0.0016089942780140988,90733
orders,order_delivered_carrier_date,99441,1783,0.017930229985619613,81018
orders,order_delivered_customer_date,99441,2965,0.02981667521444877,95664
orders,order_estimated_delivery_date,99441,0,0.0,459
products,product_id,32951,0,0.0,32951
products,product_category_name,32951,610,0.018512336499651,73
products,product_name_lenght,32951,610,0.018512336499651,66
products,product_description_lenght,32951,610,0.018512336499651,2960
products,product_photos_qty,32951,610,0.018512336499651,19
products,product_weight_g,32951,2,6.069618524475737e-05,2204
products,product_length_cm,32951,2,6.069618524475737e-05,99
products,product_height_cm,32951,2,6.069618524475737e-05,102
products,product_width_cm,32951,2,6.069618524475737e-05,95
sellers,seller_id,3095,0,0.0,3095
sellers,seller_zip_code_prefix,3095,0,0.0,2246
sellers,seller_city,3095,0,0.0,611
sellers,seller_state,3095,0,0.0,23
product_category_name_translation,product_category_name,71,0,0.0,71
product_category_name_translation,product_category_name_english,71,0,0.0,71
