purchase_month,orders,gmv,mom_pct
2017-01,750,111798.36,
2017-02,1653,234223.4,120.4
2017-03,2546,359198.85,54.02
2017-04,2303,340669.68,-9.54
2017-05,3546,489338.25,53.97
2017-06,3135,421923.37,-11.59
2017-07,3872,481604.52,23.51
2017-08,4193,554699.7,8.29
2017-09,4150,607399.67,-1.03
2017-10,4478,648247.65,7.9
2017-11,7289,987765.37,62.77
2017-12,5513,726033.19,-24.37
2018-01,7069,924645.0,28.22
2018-02,6555,826437.13,-7.27
2018-03,7003,953356.25,6.83
2018-04,6798,973534.09,-2.93
2018-05,6749,977544.69,-0.72
2018-06,6099,856077.86,-9.63
2018-07,6159,867953.46,0.98
2018-08,6351,838576.64,3.12
