customer_state,orders,gmv,delivery_days,late_rate,review_score
AC,80,15930.97,21.035712962962965,0.0375,4.0875
AL,396,78805.73,24.522339015151516,0.21464646464646464,3.8473282442748094
AM,145,22155.84,26.42599090038314,0.027586206896551724,4.243055555555555
AP,67,13374.81,27.185067716970703,0.029850746268656716,4.242424242424242
BA,3253,493339.26,19.33413364159579,0.12173378419920074,3.930254184748915
CE,1273,218107.7,21.23845844789212,0.13825608798114689,3.9400157853196527
DF,2074,295454.64,12.93857173470481,0.05689488910318226,4.134205426356589
ES,1992,267783.66,15.775735616075414,0.10742971887550201,4.078840284842319
GO,1950,281932.21,15.61161243471035,0.06564102564102564,4.10366168127901
MA,713,116305.12,21.53555651329801,0.1753155680224404,3.829337094499295
MG,11319,1548206.8800000001,11.984529103187693,0.04585210707659687,4.193582792640655
MS,701,115429.97,15.618319018465684,0.09700427960057062,4.161659513590844
MT,885,152143.82,18.068220888261145,0.059887005649717516,4.144646924829157
PA,942,173382.99,23.75709204460565,0.11252653927813164,3.9128094725511304
PB,516,112536.92,20.393254602713178,0.10465116279069768,4.074363992172211
PE,1587,250639.89,18.449876623433454,0.09640831758034027,4.0820089001907185
PI,475,84511.0,19.440831554580896,0.13894736842105262,3.9936170212765956
PR,4903,664048.0,11.973149226947221,0.0405873954721599,4.240983606557377
RJ,12310,1751433.85,15.296848779221952,0.12144597887896019,3.965494577719356
RN,470,81376.97,19.21091440110323,0.09361702127659574,4.143468950749464
RO,243,45682.76,19.37203651310776,0.02880658436213992,4.1652892561983474
RR,40,7017.77,29.90765798611111,0.125,3.9
RS,5328,726373.92,15.288672499113531,0.06100994931481134,4.185310734463277
SC,3537,504774.07,14.946139979214442,0.08227311280746395,4.134188034188035
SE,332,56288.74,21.438612226684516,0.1536144578313253,3.900302114803625
SP,40406,5055587.13,8.737594713221725,0.044976360801009925,4.24657772910548
TO,274,48402.51,17.65806260982698,0.09854014598540146,4.153846153846154
